{"J 1 ":[0.871468,0.12853202],"J 1 c.":[0.7721683,0.22783178],"J 1 c.r2.":[0.92608273,0.06561379,0.008303512],"J 1 c.r2.r2.":[0.0030950077,0.99690497],"J 1 r2.":[0.8987244,0.07055197,0.030723687],"J 1 r2.r2.":[9.0762274E-4,0.99909234],"K 1 ":[0.276517,0.7234829],"K 1 c.":[2.762993E-4,0.99972373],"K 1 c.r2.":[4.9640777E-5,0.12667851,0.8732719],"K 1 c.r2.r2.":[2.9872148E-5,0.99997014],"K 1 r2.":[9.954685E-6,0.26513472,0.73485535],"K 1 r2.r2.":[0.0,1.0],"Q 1 ":[0.29647568,0.7035243],"Q 1 c.":[0.17030153,0.82969844],"Q 1 c.r2.":[0.07841922,0.82934105,0.092239715],"Q 1 c.r2.r2.":[1.814421E-5,0.9999819],"Q 1 r2.":[0.003725983,0.68051857,0.3157555],"Q 1 r2.r2.":[0.0,1.0]}