{"J 1 ":[0.9130465,0.086953536],"J 1 c.":[0.7040167,0.29598334],"J 1 c.r2.":[0.9159694,0.07002416,0.014006439],"J 1 c.r2.r2.":[1.5143867E-4,0.99984854],"J 1 r2.":[0.808877,0.12186888,0.06925408],"J 1 r2.r2.":[0.0,1.0],"J J 1 c.c. 2 ":[0.9629009,0.03709915],"J J 1 c.c. 2 c.":[0.014998905,0.9850011],"J J 1 c.c. 2 c.r4.":[3.397316E-4,0.49983013,0.49983013],"J J 1 c.c. 2 c.r4.r4.":[0.007449411,0.9925506],"J J 1 c.c. 2 r4.":[0.0,0.0,1.0],"J J 1 c.c. 2 r4.r4.":[0.006666667,0.99333334],"J J 1 c.r2.c. 2 ":[0.016484633,0.9835153],"J J 1 c.r2.c. 2 c.":[0.0030146693,0.9969853],"J J 1 c.r2.c. 2 c.r4.":[0.0,0.0,1.0],"J J 1 c.r2.c. 2 c.r4.r4.":[0.0014947683,0.99850523],"J J 1 c.r2.c. 2 r4.":[0.002486325,0.012531079,0.9849826],"J J 1 c.r2.c. 2 r4.r4.":[0.0,1.0],"J J 1 c.r2.r2.c. 2 ":[0.29632577,0.70367426],"J J 1 c.r2.r2.c. 2 c.":[0.0023231802,0.99767685],"J J 1 c.r2.r2.c. 2 c.r4.":[0.012345679,0.012345679,0.97530866],"J J 1 c.r2.r2.c. 2 c.r4.r4.":[0.0010351967,0.9989648],"J J 1 c.r2.r2.c. 2 r4.":[1.7208743E-4,2.7064653E-4,0.99955726],"J J 1 c.r2.r2.c. 2 r4.r4.":[0.030303031,0.969697],"J J 1 r2.c. 2 ":[0.37316468,0.6268353],"J J 1 r2.c. 2 c.":[0.0,1.0],"J J 1 r2.c. 2 c.r4.":[0.0016339868,0.0016339868,0.996732],"J J 1 r2.c. 2 c.r4.r4.":[0.0,1.0],"J J 1 r2.c. 2 r4.":[0.0012437811,0.0015547264,0.9972015],"J J 1 r2.c. 2 r4.r4.":[0.0,1.0],"J J 1 r2.r2.c. 2 ":[0.0019240323,0.99807596],"J J 1 r2.r2.c. 2 c.":[0.0,1.0],"J J 1 r2.r2.c. 2 c.r4.":[0.0,0.0,1.0],"J J 1 r2.r2.c. 2 c.r4.r4.":[0.0,1.0],"J J 1 r2.r2.c. 2 r4.":[0.0,0.0,1.0],"J J 1 r2.r2.c. 2 r4.r4.":[0.0026362038,0.9973638],"J K 1 c.c. 2 ":[0.94058615,0.059413873],"J K 1 c.c. 2 c.":[0.9968088,0.0031911847],"J K 1 c.c. 2 c.r4.":[0.99351686,4.9908995E-4,0.005984012],"J K 1 c.c. 2 c.r4.r4.":[0.98214287,0.017857144],"J K 1 c.c. 2 r4.":[0.99950755,2.4626212E-4,2.4626212E-4],"J K 1 c.c. 2 r4.r4.":[1.0,0.0],"J K 1 c.r2.c. 2 ":[0.97243214,0.027567863],"J K 1 c.r2.c. 2 c.":[0.48538506,0.51461494],"J K 1 c.r2.c. 2 c.r4.":[0.95957613,0.0,0.040423818],"J K 1 c.r2.c. 2 c.r4.r4.":[0.9987793,0.0012207031],"J K 1 c.r2.c. 2 r4.":[0.9963297,0.0018351688,0.0018351688],"J K 1 c.r2.c. 2 r4.r4.":[1.0,0.0],"J K 1 c.r2.r2.c. 2 ":[0.14649682,0.85350317],"J K 1 c.r2.r2.c. 2 c.":[0.67932296,0.320677],"J K 1 c.r2.r2.c. 2 c.r4.":[0.5652174,0.04347826,0.39130434],"J K 1 c.r2.r2.c. 2 c.r4.r4.":[0.998452,0.0015479876],"J K 1 c.r2.r2.c. 2 r4.":[0.7638264,0.0013333362,0.23484027],"J K 1 c.r2.r2.c. 2 r4.r4.":[1.0,0.0],"J K 1 r2.c. 2 ":[0.06496283,0.93503714],"J K 1 r2.c. 2 c.":[0.6580825,0.34191748],"J K 1 r2.c. 2 c.r4.":[0.465812,0.0042735045,0.52991456],"J K 1 r2.c. 2 c.r4.r4.":[1.0,0.0],"J K 1 r2.c. 2 r4.":[0.6786124,6.820818E-5,0.32131946],"J K 1 r2.c. 2 r4.r4.":[0.9995618,4.382121E-4],"J K 1 r2.r2.c. 2 ":[0.4716183,0.52838165],"J K 1 r2.r2.c. 2 c.":[0.0022075055,0.9977925],"J K 1 r2.r2.c. 2 c.r4.":[0.6716803,0.0018018018,0.3265179],"J K 1 r2.r2.c. 2 c.r4.r4.":[0.9983425,0.0016574586],"J K 1 r2.r2.c. 2 r4.":[0.7917587,0.0014716703,0.20676969],"J K 1 r2.r2.c. 2 r4.r4.":[1.0,0.0],"J Q 1 c.c. 2 ":[0.91697234,0.0830277],"J Q 1 c.c. 2 c.":[0.9227307,0.077269316],"J Q 1 c.c. 2 c.r4.":[0.9995638,1.5517924E-4,2.8100025E-4],"J Q 1 c.c. 2 c.r4.r4.":[0.99793386,0.0020661156],"J Q 1 c.c. 2 r4.":[0.96144694,0.0,0.03855311],"J Q 1 c.c. 2 r4.r4.":[0.9953541,0.0046458496],"J Q 1 c.r2.c. 2 ":[0.5844386,0.41556138],"J Q 1 c.r2.c. 2 c.":[0.4823136,0.5176864],"J Q 1 c.r2.c. 2 c.r4.":[0.98162264,0.0,0.018377364],"J Q 1 c.r2.c. 2 c.r4.r4.":[0.95375866,0.046241347],"J Q 1 c.r2.c. 2 r4.":[0.99760556,0.0011971951,0.0011971951],"J Q 1 c.r2.c. 2 r4.r4.":[1.0,0.0],"J Q 1 c.r2.r2.c. 2 ":[0.5667023,0.43329772],"J Q 1 c.r2.r2.c. 2 c.":[0.8813061,0.11869392],"J Q 1 c.r2.r2.c. 2 c.r4.":[0.6826739,0.0034013607,0.31392476],"J Q 1 c.r2.r2.c. 2 c.r4.r4.":[0.47346073,0.52653927],"J Q 1 c.r2.r2.c. 2 r4.":[0.80884504,0.0016236207,0.18953131],"J Q 1 c.r2.r2.c. 2 r4.r4.":[0.9662162,0.033783782],"J Q 1 r2.c. 2 ":[0.3080029,0.6919971],"J Q 1 r2.c. 2 c.":[0.2388378,0.76116216],"J Q 1 r2.c. 2 c.r4.":[1.0,0.0,0.0],"J Q 1 r2.c. 2 c.r4.r4.":[1.0,0.0],"J Q 1 r2.c. 2 r4.":[0.9786119,0.0,0.021388121],"J Q 1 r2.c. 2 r4.r4.":[0.99935895,6.4102566E-4],"J Q 1 r2.r2.c. 2 ":[0.47920817,0.5207918],"J Q 1 r2.r2.c. 2 c.":[0.92264134,0.077358685],"J Q 1 r2.r2.c. 2 c.r4.":[0.969021,5.963029E-4,0.03038274],"J Q 1 r2.r2.c. 2 c.r4.r4.":[0.9726027,0.02739726],"J Q 1 r2.r2.c. 2 r4.":[0.616026,0.0010764262,0.3828976],"J Q 1 r2.r2.c. 2 r4.r4.":[0.99916804,8.3194673E-4],"K 1 ":[0.2586098,0.74139017],"K 1 c.":[8.3526754E-4,0.9991647],"K 1 c.r2.":[7.722296E-5,0.23211233,0.76781046],"K 1 c.r2.r2.":[8.989572E-5,0.9999101],"K 1 r2.":[1.5423671E-5,0.38687456,0.61311],"K 1 r2.r2.":[2.0204468E-5,0.9999798],"K J 1 c.c. 2 ":[0.9954135,0.004586523],"K J 1 c.c. 2 c.":[0.5125,0.48750004],"K J 1 c.c. 2 c.r4.":[0.995903,4.2411452E-4,0.003672877],"K J 1 c.c. 2 c.r4.r4.":[0.25,0.75],"K J 1 c.c. 2 r4.":[0.39806658,0.39693174,0.2050017],"K J 1 c.c. 2 r4.r4.":[0.0,1.0],"K J 1 c.r2.c. 2 ":[0.9644107,0.035589267],"K J 1 c.r2.c. 2 c.":[0.8099916,0.19000845],"K J 1 c.r2.c. 2 c.r4.":[0.0,1.0,0.0],"K J 1 c.r2.c. 2 c.r4.r4.":[0.0018248175,0.9981752],"K J 1 c.r2.c. 2 r4.":[0.2672175,0.7298156,0.0029669106],"K J 1 c.r2.c. 2 r4.r4.":[0.016129032,0.983871],"K J 1 c.r2.r2.c. 2 ":[0.9807907,0.019209335],"K J 1 c.r2.r2.c. 2 c.":[0.6418341,0.35816592],"K J 1 c.r2.r2.c. 2 c.r4.":[0.031200105,0.96017545,0.008624486],"K J 1 c.r2.r2.c. 2 c.r4.r4.":[0.0025294789,0.99747056],"K J 1 c.r2.r2.c. 2 r4.":[0.10160698,0.7594987,0.13889429],"K J 1 c.r2.r2.c. 2 r4.r4.":[0.0,1.0],"K J 1 r2.c. 2 ":[0.9610301,0.038969837],"K J 1 r2.c. 2 c.":[0.58663994,0.41336006],"K J 1 r2.c. 2 c.r4.":[0.100005575,0.8414746,0.05851983],"K J 1 r2.c. 2 c.r4.r4.":[0.19139989,0.80860007],"K J 1 r2.c. 2 r4.":[0.08594896,0.9012241,0.012826985],"K J 1 r2.c. 2 r4.r4.":[0.77260983,0.22739018],"K J 1 r2.r2.c. 2 ":[0.8278728,0.17212716],"K J 1 r2.r2.c. 2 c.":[0.870729,0.12927102],"K J 1 r2.r2.c. 2 c.r4.":[0.0,0.96734846,0.032651555],"K J 1 r2.r2.c. 2 c.r4.r4.":[0.0024131273,0.99758685],"K J 1 r2.r2.c. 2 r4.":[0.025923355,0.96235514,0.011721541],"K J 1 r2.r2.c. 2 r4.r4.":[0.0,1.0],"K K 1 c.c. 2 ":[0.15841974,0.8415802],"K K 1 c.c. 2 c.":[0.055555556,0.9444444],"K K 1 c.c. 2 c.r4.":[0.0,0.0,1.0],"K K 1 c.c. 2 c.r4.r4.":[0.0,1.0],"K K 1 c.c. 2 r4.":[0.22222222,0.2638889,0.5138889],"K K 1 c.c. 2 r4.r4.":[0.0,1.0],"K K 1 c.r2.c. 2 ":[0.58661664,0.41338342],"K K 1 c.r2.c. 2 c.":[0.006259328,0.9937407],"K K 1 c.r2.c. 2 c.r4.":[0.0,0.0,1.0],"K K 1 c.r2.c. 2 c.r4.r4.":[5.254466E-4,0.9994745],"K K 1 c.r2.c. 2 r4.":[0.014079621,0.014527381,0.971393],"K K 1 c.r2.c. 2 r4.r4.":[0.0,1.0],"K K 1 c.r2.r2.c. 2 ":[0.25940403,0.740596],"K K 1 c.r2.r2.c. 2 c.":[7.40302E-4,0.9992597],"K K 1 c.r2.r2.c. 2 c.r4.":[0.0,0.0,1.0],"K K 1 c.r2.r2.c. 2 c.r4.r4.":[7.408505E-5,0.9999259],"K K 1 c.r2.r2.c. 2 r4.":[0.0,0.091437876,0.9085621],"K K 1 c.r2.r2.c. 2 r4.r4.":[0.0,1.0],"K K 1 r2.c. 2 ":[0.13533667,0.8646633],"K K 1 r2.c. 2 c.":[0.0,1.0],"K K 1 r2.c. 2 c.r4.":[4.960317E-4,4.960317E-4,0.9990079],"K K 1 r2.c. 2 c.r4.r4.":[7.656968E-4,0.9992343],"K K 1 r2.c. 2 r4.":[8.9331286E-4,0.0010847371,0.9980219],"K K 1 r2.c. 2 r4.r4.":[1.18343196E-4,0.9998817],"K K 1 r2.r2.c. 2 ":[0.56244475,0.43755522],"K K 1 r2.r2.c. 2 c.":[0.0,1.0],"K K 1 r2.r2.c. 2 c.r4.":[3.6140223E-4,0.0034107335,0.99622786],"K K 1 r2.r2.c. 2 c.r4.r4.":[6.067961E-4,0.9993932],"K K 1 r2.r2.c. 2 r4.":[0.0,0.06393711,0.9360629],"K K 1 r2.r2.c. 2 r4.r4.":[2.3212627E-4,0.9997679],"K Q 1 c.c. 2 ":[0.96722513,0.03277489],"K Q 1 c.c. 2 c.":[0.5,0.5],"K Q 1 c.c. 2 c.r4.":[0.5797808,0.42021918,0.0],"K Q 1 c.c. 2 c.r4.r4.":[0.083333336,0.9166667],"K Q 1 c.c. 2 r4.":[0.0,0.0,1.0],"K Q 1 c.c. 2 r4.r4.":[0.017391304,0.9826087],"K Q 1 c.r2.c. 2 ":[0.6089977,0.39100233],"K Q 1 c.r2.c. 2 c.":[0.88109857,0.11890145],"K Q 1 c.r2.c. 2 c.r4.":[0.4061503,0.53763866,0.056211002],"K Q 1 c.r2.c. 2 c.r4.r4.":[0.0018987341,0.9981013],